sample_id,group,model,sloc,nom,wmc,nof,n_smells,td_density,smell_LongMethod,smell_HighComplexity,smell_ComplexConditional,smell_GodClass,smell_LongParamList,smell_DeepNesting,smell_Duplicate,dup_logic,dup_echo,n_smells_logic,density_logic
ClassEval_0,AI,Qwen2.5-Coder-1.5B,28,5,11,1,0,0.0,0,0,0,0,0,0,0,0,0,0,0.0
ClassEval_1,AI,Qwen2.5-Coder-1.5B,13,6,6,1,0,0.0,0,0,0,0,0,0,0,0,0,0,0.0
ClassEval_2,AI,Qwen2.5-Coder-1.5B,26,5,10,3,0,0.0,0,0,0,0,0,0,0,0,0,0,0.0
ClassEval_3,AI,Qwen2.5-Coder-1.5B,19,6,10,1,0,0.0,0,0,0,0,0,0,0,0,0,0,0.0
ClassEval_4,AI,Qwen2.5-Coder-1.5B,46,7,21,1,0,0.0,0,0,0,0,0,0,0,0,0,0,0.0
ClassEval_5,AI,Qwen2.5-Coder-1.5B,19,3,10,1,1,52.631578947368425,0,0,0,0,0,1,0,0,0,1,52.63157894736842
ClassEval_6,AI,Qwen2.5-Coder-1.5B,17,3,5,2,0,0.0,0,0,0,0,0,0,0,0,0,0,0.0
ClassEval_7,AI,Qwen2.5-Coder-1.5B,15,3,8,4,0,0.0,0,0,0,0,0,0,0,0,0,0,0.0
ClassEval_8,AI,Qwen2.5-Coder-1.5B,18,5,8,1,0,0.0,0,0,0,0,0,0,0,0,0,0,0.0
ClassEval_9,AI,Qwen2.5-Coder-1.5B,49,3,19,0,1,20.408163265306122,0,0,0,0,0,0,1,1,0,1,20.408163265306122
ClassEval_10,AI,Qwen2.5-Coder-1.5B,15,5,11,1,0,0.0,0,0,0,0,0,0,0,0,0,0,0.0
ClassEval_11,AI,Qwen2.5-Coder-1.5B,17,4,13,0,0,0.0,0,0,0,0,0,0,0,0,0,0,0.0
ClassEval_12,AI,Qwen2.5-Coder-1.5B,19,4,11,3,0,0.0,0,0,0,0,0,0,0,0,0,0,0.0
ClassEval_13,AI,Qwen2.5-Coder-1.5B,18,5,9,1,0,0.0,0,0,0,0,0,0,0,0,0,0,0.0
ClassEval_14,AI,Qwen2.5-Coder-1.5B,22,7,7,2,0,0.0,0,0,0,0,0,0,0,0,0,0,0.0
ClassEval_15,AI,Qwen2.5-Coder-1.5B,20,4,9,4,0,0.0,0,0,0,0,0,0,0,0,0,0,0.0
ClassEval_16,AI,Qwen2.5-Coder-1.5B,39,4,18,1,1,25.641025641025642,0,1,0,0,0,0,0,0,0,1,25.64102564102564
ClassEval_17,AI,Qwen2.5-Coder-1.5B,18,7,11,1,1,55.55555555555556,0,0,0,0,0,1,0,0,0,1,55.55555555555555
ClassEval_18,AI,Qwen2.5-Coder-1.5B,17,8,12,1,0,0.0,0,0,0,0,0,0,0,0,0,0,0.0
ClassEval_19,AI,Qwen2.5-Coder-1.5B,18,3,9,2,0,0.0,0,0,0,0,0,0,0,0,0,0,0.0
ClassEval_20,AI,Qwen2.5-Coder-1.5B,13,5,7,1,0,0.0,0,0,0,0,0,0,0,0,0,0,0.0
ClassEval_21,AI,Qwen2.5-Coder-1.5B,33,5,16,2,1,30.3030303030303,0,0,1,0,0,0,0,0,0,1,30.303030303030305
ClassEval_22,AI,Qwen2.5-Coder-1.5B,10,3,4,2,0,0.0,0,0,0,0,0,0,0,0,0,0,0.0
ClassEval_23,AI,Qwen2.5-Coder-1.5B,42,6,20,1,0,0.0,0,0,0,0,0,0,0,0,0,0,0.0
ClassEval_24,AI,Qwen2.5-Coder-1.5B,16,5,5,0,0,0.0,0,0,0,0,0,0,0,0,0,0,0.0
ClassEval_25,AI,Qwen2.5-Coder-1.5B,21,4,9,2,0,0.0,0,0,0,0,0,0,0,0,0,0,0.0
ClassEval_26,AI,Qwen2.5-Coder-1.5B,23,4,9,0,0,0.0,0,0,0,0,0,0,0,0,0,0,0.0
ClassEval_27,AI,Qwen2.5-Coder-1.5B,19,5,9,1,0,0.0,0,0,0,0,0,0,0,0,0,0,0.0
ClassEval_28,AI,Qwen2.5-Coder-1.5B,30,5,5,1,0,0.0,0,0,0,0,0,0,0,0,0,0,0.0
ClassEval_29,AI,Qwen2.5-Coder-1.5B,14,3,6,0,0,0.0,0,0,0,0,0,0,0,0,0,0,0.0
ClassEval_30,AI,Qwen2.5-Coder-1.5B,17,7,8,1,0,0.0,0,0,0,0,0,0,0,0,0,0,0.0
ClassEval_31,AI,Qwen2.5-Coder-1.5B,6,4,5,0,0,0.0,0,0,0,0,0,0,0,0,0,0,0.0
ClassEval_32,AI,Qwen2.5-Coder-1.5B,42,4,15,1,1,23.809523809523807,0,0,0,0,0,0,1,1,0,1,23.809523809523807
ClassEval_33,AI,Qwen2.5-Coder-1.5B,11,6,6,3,0,0.0,0,0,0,0,0,0,0,0,0,0,0.0
ClassEval_34,AI,Qwen2.5-Coder-1.5B,37,6,14,1,0,0.0,0,0,0,0,0,0,0,0,0,0,0.0
ClassEval_35,AI,Qwen2.5-Coder-1.5B,52,5,22,2,0,0.0,0,0,0,0,0,0,0,0,0,0,0.0
ClassEval_36,AI,Qwen2.5-Coder-1.5B,24,6,11,3,0,0.0,0,0,0,0,0,0,0,0,0,0,0.0
ClassEval_37,AI,Qwen2.5-Coder-1.5B,41,4,14,1,1,24.390243902439025,0,0,0,0,0,0,1,1,0,1,24.390243902439025
ClassEval_38,AI,Qwen2.5-Coder-1.5B,29,4,11,0,0,0.0,0,0,0,0,0,0,0,0,0,0,0.0
ClassEval_39,AI,Qwen2.5-Coder-1.5B,11,7,7,2,0,0.0,0,0,0,0,0,0,0,0,0,0,0.0
ClassEval_40,AI,Qwen2.5-Coder-1.5B,28,4,11,5,0,0.0,0,0,0,0,0,0,0,0,0,0,0.0
ClassEval_41,AI,Qwen2.5-Coder-1.5B,32,5,19,3,0,0.0,0,0,0,0,0,0,0,0,0,0,0.0
ClassEval_42,AI,Qwen2.5-Coder-1.5B,29,5,14,3,0,0.0,0,0,0,0,0,0,0,0,0,0,0.0
ClassEval_43,AI,Qwen2.5-Coder-1.5B,25,6,11,1,0,0.0,0,0,0,0,0,0,0,0,0,0,0.0
ClassEval_44,AI,Qwen2.5-Coder-1.5B,30,4,8,9,1,33.333333333333336,0,0,0,0,0,0,1,0,1,0,0.0
ClassEval_45,AI,Qwen2.5-Coder-1.5B,14,6,6,1,0,0.0,0,0,0,0,0,0,0,0,0,0,0.0
ClassEval_46,AI,Qwen2.5-Coder-1.5B,20,3,15,0,0,0.0,0,0,0,0,0,0,0,0,0,0,0.0
ClassEval_47,AI,Qwen2.5-Coder-1.5B,21,4,12,1,0,0.0,0,0,0,0,0,0,0,0,0,0,0.0
ClassEval_48,AI,Qwen2.5-Coder-1.5B,16,3,6,0,0,0.0,0,0,0,0,0,0,0,0,0,0,0.0
ClassEval_49,AI,Qwen2.5-Coder-1.5B,18,7,15,2,0,0.0,0,0,0,0,0,0,0,0,0,0,0.0
ClassEval_50,AI,Qwen2.5-Coder-1.5B,26,3,11,0,0,0.0,0,0,0,0,0,0,0,0,0,0,0.0
ClassEval_51,AI,Qwen2.5-Coder-1.5B,19,2,2,0,0,0.0,0,0,0,0,0,0,0,0,0,0,0.0
ClassEval_52,AI,Qwen2.5-Coder-1.5B,28,4,9,1,0,0.0,0,0,0,0,0,0,0,0,0,0,0.0
ClassEval_53,AI,Qwen2.5-Coder-1.5B,13,3,9,1,0,0.0,0,0,0,0,0,0,0,0,0,0,0.0
ClassEval_54,AI,Qwen2.5-Coder-1.5B,54,6,31,3,1,18.51851851851852,0,0,0,0,0,0,1,0,1,0,0.0
ClassEval_55,AI,Qwen2.5-Coder-1.5B,27,3,11,1,0,0.0,0,0,0,0,0,0,0,0,0,0,0.0
ClassEval_56,AI,Qwen2.5-Coder-1.5B,25,6,10,4,0,0.0,0,0,0,0,0,0,0,0,0,0,0.0
ClassEval_57,AI,Qwen2.5-Coder-1.5B,40,3,13,0,2,50.0,0,0,0,0,0,0,2,1,1,1,25.0
ClassEval_58,AI,Qwen2.5-Coder-1.5B,27,5,17,5,2,74.07407407407408,0,1,1,0,0,0,0,0,0,2,74.07407407407408
ClassEval_59,AI,Qwen2.5-Coder-1.5B,24,4,12,1,2,83.33333333333333,0,0,0,0,0,1,1,0,1,1,41.666666666666664
ClassEval_60,AI,Qwen2.5-Coder-1.5B,17,5,5,2,0,0.0,0,0,0,0,0,0,0,0,0,0,0.0
ClassEval_61,AI,Qwen2.5-Coder-1.5B,18,9,10,3,0,0.0,0,0,0,0,0,0,0,0,0,0,0.0
ClassEval_62,AI,Qwen2.5-Coder-1.5B,8,3,6,0,0,0.0,0,0,0,0,0,0,0,0,0,0,0.0
ClassEval_63,AI,Qwen2.5-Coder-1.5B,7,3,6,0,0,0.0,0,0,0,0,0,0,0,0,0,0,0.0
ClassEval_64,AI,Qwen2.5-Coder-1.5B,13,6,6,0,0,0.0,0,0,0,0,0,0,0,0,0,0,0.0
ClassEval_65,AI,Qwen2.5-Coder-1.5B,64,6,27,5,1,15.625,0,1,0,0,0,0,0,0,0,1,15.625
ClassEval_66,AI,Qwen2.5-Coder-1.5B,25,3,11,0,1,40.0,0,0,0,0,0,1,0,0,0,1,40.0
ClassEval_67,AI,Qwen2.5-Coder-1.5B,23,4,9,3,0,0.0,0,0,0,0,0,0,0,0,0,0,0.0
ClassEval_68,AI,Qwen2.5-Coder-1.5B,22,4,6,4,0,0.0,0,0,0,0,0,0,0,0,0,0,0.0
ClassEval_69,AI,Qwen2.5-Coder-1.5B,21,3,8,2,0,0.0,0,0,0,0,0,0,0,0,0,0,0.0
ClassEval_70,AI,Qwen2.5-Coder-1.5B,18,4,9,3,0,0.0,0,0,0,0,0,0,0,0,0,0,0.0
ClassEval_71,AI,Qwen2.5-Coder-1.5B,34,4,16,7,2,58.8235294117647,0,1,0,0,0,1,0,0,0,2,58.8235294117647
ClassEval_72,AI,Qwen2.5-Coder-1.5B,25,11,11,3,0,0.0,0,0,0,0,0,0,0,0,0,0,0.0
ClassEval_73,AI,Qwen2.5-Coder-1.5B,26,5,6,6,0,0.0,0,0,0,0,0,0,0,0,0,0,0.0
ClassEval_74,AI,Qwen2.5-Coder-1.5B,15,6,8,3,0,0.0,0,0,0,0,0,0,0,0,0,0,0.0
ClassEval_75,AI,Qwen2.5-Coder-1.5B,19,5,9,1,0,0.0,0,0,0,0,0,0,0,0,0,0,0.0
ClassEval_76,AI,Qwen2.5-Coder-1.5B,21,6,13,1,0,0.0,0,0,0,0,0,0,0,0,0,0,0.0
ClassEval_77,AI,Qwen2.5-Coder-1.5B,41,5,16,7,2,48.78048780487805,0,1,1,0,0,0,0,0,0,2,48.78048780487805
ClassEval_78,AI,Qwen2.5-Coder-1.5B,13,3,5,0,0,0.0,0,0,0,0,0,0,0,0,0,0,0.0
ClassEval_79,AI,Qwen2.5-Coder-1.5B,22,7,13,1,0,0.0,0,0,0,0,0,0,0,0,0,0,0.0
ClassEval_80,AI,Qwen2.5-Coder-1.5B,17,4,8,0,0,0.0,0,0,0,0,0,0,0,0,0,0,0.0
ClassEval_81,AI,Qwen2.5-Coder-1.5B,43,8,19,0,0,0.0,0,0,0,0,0,0,0,0,0,0,0.0
ClassEval_82,AI,Qwen2.5-Coder-1.5B,11,8,8,2,0,0.0,0,0,0,0,0,0,0,0,0,0,0.0
ClassEval_83,AI,Qwen2.5-Coder-1.5B,28,5,5,1,0,0.0,0,0,0,0,0,0,0,0,0,0,0.0
ClassEval_84,AI,Qwen2.5-Coder-1.5B,21,5,13,1,0,0.0,0,0,0,0,0,0,0,0,0,0,0.0
ClassEval_85,AI,Qwen2.5-Coder-1.5B,21,8,11,3,0,0.0,0,0,0,0,0,0,0,0,0,0,0.0
ClassEval_86,AI,Qwen2.5-Coder-1.5B,28,4,17,2,0,0.0,0,0,0,0,0,0,0,0,0,0,0.0
ClassEval_87,AI,Qwen2.5-Coder-1.5B,21,8,8,1,1,47.61904761904761,0,0,0,0,1,0,0,0,0,1,47.61904761904761
ClassEval_88,AI,Qwen2.5-Coder-1.5B,19,6,9,0,0,0.0,0,0,0,0,0,0,0,0,0,0,0.0
ClassEval_89,AI,Qwen2.5-Coder-1.5B,101,4,10,1,2,19.801980198019802,1,0,0,0,0,1,0,0,0,2,19.801980198019802
ClassEval_90,AI,Qwen2.5-Coder-1.5B,22,6,9,1,0,0.0,0,0,0,0,0,0,0,0,0,0,0.0
ClassEval_91,AI,Qwen2.5-Coder-1.5B,8,4,4,2,0,0.0,0,0,0,0,0,0,0,0,0,0,0.0
ClassEval_92,AI,Qwen2.5-Coder-1.5B,19,6,6,2,0,0.0,0,0,0,0,0,0,0,0,0,0,0.0
ClassEval_93,AI,Qwen2.5-Coder-1.5B,9,4,7,0,0,0.0,0,0,0,0,0,0,0,0,0,0,0.0
ClassEval_94,AI,Qwen2.5-Coder-1.5B,28,6,12,2,0,0.0,0,0,0,0,0,0,0,0,0,0,0.0
ClassEval_95,AI,Qwen2.5-Coder-1.5B,13,7,8,2,0,0.0,0,0,0,0,0,0,0,0,0,0,0.0
ClassEval_96,AI,Qwen2.5-Coder-1.5B,22,5,8,4,0,0.0,0,0,0,0,0,0,0,0,0,0,0.0
ClassEval_97,AI,Qwen2.5-Coder-1.5B,34,3,13,6,0,0.0,0,0,0,0,0,0,0,0,0,0,0.0
ClassEval_98,AI,Qwen2.5-Coder-1.5B,33,5,10,2,0,0.0,0,0,0,0,0,0,0,0,0,0,0.0
ClassEval_99,AI,Qwen2.5-Coder-1.5B,31,5,14,1,0,0.0,0,0,0,0,0,0,0,0,0,0,0.0
ClassEval_0,AI,Qwen2.5-Coder-3B,23,5,10,1,0,0.0,0,0,0,0,0,0,0,0,0,0,0.0
ClassEval_1,AI,Qwen2.5-Coder-3B,13,6,6,1,0,0.0,0,0,0,0,0,0,0,0,0,0,0.0
ClassEval_2,AI,Qwen2.5-Coder-3B,36,5,14,3,0,0.0,0,0,0,0,0,0,0,0,0,0,0.0
ClassEval_3,AI,Qwen2.5-Coder-3B,19,6,13,1,0,0.0,0,0,0,0,0,0,0,0,0,0,0.0
ClassEval_4,AI,Qwen2.5-Coder-3B,31,7,20,1,0,0.0,0,0,0,0,0,0,0,0,0,0,0.0
ClassEval_5,AI,Qwen2.5-Coder-3B,18,3,8,1,0,0.0,0,0,0,0,0,0,0,0,0,0,0.0
ClassEval_6,AI,Qwen2.5-Coder-3B,16,3,5,2,0,0.0,0,0,0,0,0,0,0,0,0,0,0.0
ClassEval_7,AI,Qwen2.5-Coder-3B,16,3,10,4,0,0.0,0,0,0,0,0,0,0,0,0,0,0.0
ClassEval_8,AI,Qwen2.5-Coder-3B,24,5,10,1,0,0.0,0,0,0,0,0,0,0,0,0,0,0.0
ClassEval_9,AI,Qwen2.5-Coder-3B,52,3,15,0,1,19.23076923076923,0,0,0,0,0,0,1,1,0,1,19.230769230769234
ClassEval_10,AI,Qwen2.5-Coder-3B,21,5,8,1,0,0.0,0,0,0,0,0,0,0,0,0,0,0.0
ClassEval_11,AI,Qwen2.5-Coder-3B,27,4,21,0,0,0.0,0,0,0,0,0,0,0,0,0,0,0.0
ClassEval_12,AI,Qwen2.5-Coder-3B,39,4,17,3,0,0.0,0,0,0,0,0,0,0,0,0,0,0.0
ClassEval_13,AI,Qwen2.5-Coder-3B,19,5,9,1,0,0.0,0,0,0,0,0,0,0,0,0,0,0.0
ClassEval_14,AI,Qwen2.5-Coder-3B,23,7,7,2,0,0.0,0,0,0,0,0,0,0,0,0,0,0.0
ClassEval_15,AI,Qwen2.5-Coder-3B,22,4,9,4,0,0.0,0,0,0,0,0,0,0,0,0,0,0.0
ClassEval_16,AI,Qwen2.5-Coder-3B,46,4,19,1,1,21.73913043478261,0,1,0,0,0,0,0,0,0,1,21.73913043478261
ClassEval_17,AI,Qwen2.5-Coder-3B,26,7,19,1,0,0.0,0,0,0,0,0,0,0,0,0,0,0.0
ClassEval_18,AI,Qwen2.5-Coder-3B,17,8,10,1,0,0.0,0,0,0,0,0,0,0,0,0,0,0.0
ClassEval_19,AI,Qwen2.5-Coder-3B,21,3,9,2,0,0.0,0,0,0,0,0,0,0,0,0,0,0.0
ClassEval_20,AI,Qwen2.5-Coder-3B,23,5,10,1,0,0.0,0,0,0,0,0,0,0,0,0,0,0.0
ClassEval_21,AI,Qwen2.5-Coder-3B,27,5,17,2,1,37.03703703703704,0,0,1,0,0,0,0,0,0,1,37.03703703703704
ClassEval_22,AI,Qwen2.5-Coder-3B,25,6,14,2,0,0.0,0,0,0,0,0,0,0,0,0,0,0.0
ClassEval_23,AI,Qwen2.5-Coder-3B,26,6,11,1,0,0.0,0,0,0,0,0,0,0,0,0,0,0.0
ClassEval_24,AI,Qwen2.5-Coder-3B,16,5,7,0,0,0.0,0,0,0,0,0,0,0,0,0,0,0.0
ClassEval_25,AI,Qwen2.5-Coder-3B,21,4,8,2,0,0.0,0,0,0,0,0,0,0,0,0,0,0.0
ClassEval_26,AI,Qwen2.5-Coder-3B,23,4,9,0,0,0.0,0,0,0,0,0,0,0,0,0,0,0.0
ClassEval_27,AI,Qwen2.5-Coder-3B,19,5,9,1,0,0.0,0,0,0,0,0,0,0,0,0,0,0.0
ClassEval_28,AI,Qwen2.5-Coder-3B,21,5,6,3,0,0.0,0,0,0,0,0,0,0,0,0,0,0.0
ClassEval_29,AI,Qwen2.5-Coder-3B,25,3,9,0,0,0.0,0,0,0,0,0,0,0,0,0,0,0.0
ClassEval_30,AI,Qwen2.5-Coder-3B,20,7,8,1,0,0.0,0,0,0,0,0,0,0,0,0,0,0.0
ClassEval_31,AI,Qwen2.5-Coder-3B,35,4,15,0,0,0.0,0,0,0,0,0,0,0,0,0,0,0.0
ClassEval_32,AI,Qwen2.5-Coder-3B,43,4,14,1,1,23.255813953488374,0,0,0,0,0,0,1,1,0,1,23.25581395348837
ClassEval_33,AI,Qwen2.5-Coder-3B,30,6,13,3,0,0.0,0,0,0,0,0,0,0,0,0,0,0.0
ClassEval_34,AI,Qwen2.5-Coder-3B,36,6,12,2,0,0.0,0,0,0,0,0,0,0,0,0,0,0.0
ClassEval_35,AI,Qwen2.5-Coder-3B,60,5,29,2,1,16.666666666666668,0,1,0,0,0,0,0,0,0,1,16.666666666666668
ClassEval_36,AI,Qwen2.5-Coder-3B,24,6,11,3,0,0.0,0,0,0,0,0,0,0,0,0,0,0.0
ClassEval_37,AI,Qwen2.5-Coder-3B,35,4,14,1,0,0.0,0,0,0,0,0,0,0,0,0,0,0.0
ClassEval_38,AI,Qwen2.5-Coder-3B,34,4,11,0,0,0.0,0,0,0,0,0,0,0,0,0,0,0.0
ClassEval_39,AI,Qwen2.5-Coder-3B,32,7,17,2,1,31.25,0,1,0,0,0,0,0,0,0,1,31.25
ClassEval_40,AI,Qwen2.5-Coder-3B,27,4,11,5,0,0.0,0,0,0,0,0,0,0,0,0,0,0.0
ClassEval_41,AI,Qwen2.5-Coder-3B,24,4,21,3,2,83.33333333333333,0,0,2,0,0,0,0,0,0,2,83.33333333333333
ClassEval_42,AI,Qwen2.5-Coder-3B,28,5,12,3,0,0.0,0,0,0,0,0,0,0,0,0,0,0.0
ClassEval_43,AI,Qwen2.5-Coder-3B,24,6,10,1,0,0.0,0,0,0,0,0,0,0,0,0,0,0.0
ClassEval_44,AI,Qwen2.5-Coder-3B,30,4,7,9,0,0.0,0,0,0,0,0,0,0,0,0,0,0.0
ClassEval_45,AI,Qwen2.5-Coder-3B,18,6,10,1,0,0.0,0,0,0,0,0,0,0,0,0,0,0.0
ClassEval_46,AI,Qwen2.5-Coder-3B,33,3,21,0,2,60.6060606060606,0,1,1,0,0,0,0,0,0,2,60.60606060606061
ClassEval_47,AI,Qwen2.5-Coder-3B,24,4,11,1,0,0.0,0,0,0,0,0,0,0,0,0,0,0.0
ClassEval_48,AI,Qwen2.5-Coder-3B,15,3,6,0,0,0.0,0,0,0,0,0,0,0,0,0,0,0.0
ClassEval_49,AI,Qwen2.5-Coder-3B,18,7,14,2,0,0.0,0,0,0,0,0,0,0,0,0,0,0.0
ClassEval_50,AI,Qwen2.5-Coder-3B,23,3,10,0,0,0.0,0,0,0,0,0,0,0,0,0,0,0.0
ClassEval_51,AI,Qwen2.5-Coder-3B,13,2,2,0,0,0.0,0,0,0,0,0,0,0,0,0,0,0.0
ClassEval_52,AI,Qwen2.5-Coder-3B,27,4,10,1,0,0.0,0,0,0,0,0,0,0,0,0,0,0.0
ClassEval_53,AI,Qwen2.5-Coder-3B,13,3,6,1,0,0.0,0,0,0,0,0,0,0,0,0,0,0.0
ClassEval_54,AI,Qwen2.5-Coder-3B,37,6,28,3,3,81.08108108108108,0,1,1,0,0,0,1,0,1,2,54.054054054054056
ClassEval_55,AI,Qwen2.5-Coder-3B,28,3,12,1,0,0.0,0,0,0,0,0,0,0,0,0,0,0.0
ClassEval_56,AI,Qwen2.5-Coder-3B,34,6,16,4,0,0.0,0,0,0,0,0,0,0,0,0,0,0.0
ClassEval_57,AI,Qwen2.5-Coder-3B,53,3,22,0,5,94.33962264150944,0,1,0,0,0,2,2,1,1,4,75.47169811320754
ClassEval_58,AI,Qwen2.5-Coder-3B,33,5,18,5,0,0.0,0,0,0,0,0,0,0,0,0,0,0.0
ClassEval_59,AI,Qwen2.5-Coder-3B,26,4,13,1,2,76.92307692307692,0,0,0,0,0,1,1,0,1,1,38.46153846153847
ClassEval_60,AI,Qwen2.5-Coder-3B,17,5,5,2,0,0.0,0,0,0,0,0,0,0,0,0,0,0.0
ClassEval_61,AI,Qwen2.5-Coder-3B,45,9,18,3,0,0.0,0,0,0,0,0,0,0,0,0,0,0.0
ClassEval_62,AI,Qwen2.5-Coder-3B,13,3,6,0,0,0.0,0,0,0,0,0,0,0,0,0,0,0.0
ClassEval_63,AI,Qwen2.5-Coder-3B,18,3,5,0,0,0.0,0,0,0,0,0,0,0,0,0,0,0.0
ClassEval_64,AI,Qwen2.5-Coder-3B,13,6,6,0,0,0.0,0,0,0,0,0,0,0,0,0,0,0.0
ClassEval_65,AI,Qwen2.5-Coder-3B,42,7,19,5,0,0.0,0,0,0,0,0,0,0,0,0,0,0.0
ClassEval_66,AI,Qwen2.5-Coder-3B,11,3,4,0,0,0.0,0,0,0,0,0,0,0,0,0,0,0.0
ClassEval_67,AI,Qwen2.5-Coder-3B,23,4,9,3,0,0.0,0,0,0,0,0,0,0,0,0,0,0.0
ClassEval_68,AI,Qwen2.5-Coder-3B,28,4,10,4,0,0.0,0,0,0,0,0,0,0,0,0,0,0.0
ClassEval_69,AI,Qwen2.5-Coder-3B,19,3,7,2,0,0.0,0,0,0,0,0,0,0,0,0,0,0.0
ClassEval_70,AI,Qwen2.5-Coder-3B,18,4,10,3,0,0.0,0,0,0,0,0,0,0,0,0,0,0.0
ClassEval_71,AI,Qwen2.5-Coder-3B,52,4,22,7,2,38.46153846153846,1,1,0,0,0,0,0,0,0,2,38.46153846153847
ClassEval_72,AI,Qwen2.5-Coder-3B,23,10,10,0,0,0.0,0,0,0,0,0,0,0,0,0,0,0.0
ClassEval_73,AI,Qwen2.5-Coder-3B,29,6,8,6,0,0.0,0,0,0,0,0,0,0,0,0,0,0.0
ClassEval_74,AI,Qwen2.5-Coder-3B,29,6,12,3,0,0.0,0,0,0,0,0,0,0,0,0,0,0.0
ClassEval_75,AI,Qwen2.5-Coder-3B,21,5,10,1,0,0.0,0,0,0,0,0,0,0,0,0,0,0.0
ClassEval_76,AI,Qwen2.5-Coder-3B,19,6,11,1,0,0.0,0,0,0,0,0,0,0,0,0,0,0.0
ClassEval_77,AI,Qwen2.5-Coder-3B,34,5,10,7,0,0.0,0,0,0,0,0,0,0,0,0,0,0.0
ClassEval_78,AI,Qwen2.5-Coder-3B,9,3,4,0,0,0.0,0,0,0,0,0,0,0,0,0,0,0.0
ClassEval_79,AI,Qwen2.5-Coder-3B,24,7,10,1,0,0.0,0,0,0,0,0,0,0,0,0,0,0.0
ClassEval_80,AI,Qwen2.5-Coder-3B,22,4,12,0,0,0.0,0,0,0,0,0,0,0,0,0,0,0.0
ClassEval_81,AI,Qwen2.5-Coder-3B,37,7,18,0,0,0.0,0,0,0,0,0,0,0,0,0,0,0.0
ClassEval_82,AI,Qwen2.5-Coder-3B,32,8,14,2,0,0.0,0,0,0,0,0,0,0,0,0,0,0.0
ClassEval_83,AI,Qwen2.5-Coder-3B,28,5,5,1,0,0.0,0,0,0,0,0,0,0,0,0,0,0.0
ClassEval_84,AI,Qwen2.5-Coder-3B,20,5,13,1,0,0.0,0,0,0,0,0,0,0,0,0,0,0.0
ClassEval_85,AI,Qwen2.5-Coder-3B,36,8,17,3,0,0.0,0,0,0,0,0,0,0,0,0,0,0.0
ClassEval_86,AI,Qwen2.5-Coder-3B,27,4,18,2,0,0.0,0,0,0,0,0,0,0,0,0,0,0.0
ClassEval_87,AI,Qwen2.5-Coder-3B,21,8,8,1,1,47.61904761904761,0,0,0,0,1,0,0,0,0,1,47.61904761904761
ClassEval_88,AI,Qwen2.5-Coder-3B,23,6,10,0,0,0.0,0,0,0,0,0,0,0,0,0,0,0.0
ClassEval_89,AI,Qwen2.5-Coder-3B,17,5,7,1,1,58.8235294117647,0,0,0,0,0,0,1,1,0,1,58.8235294117647
ClassEval_90,AI,Qwen2.5-Coder-3B,19,6,6,1,0,0.0,0,0,0,0,0,0,0,0,0,0,0.0
ClassEval_91,AI,Qwen2.5-Coder-3B,11,4,6,2,0,0.0,0,0,0,0,0,0,0,0,0,0,0.0
ClassEval_92,AI,Qwen2.5-Coder-3B,19,6,7,2,0,0.0,0,0,0,0,0,0,0,0,0,0,0.0
ClassEval_93,AI,Qwen2.5-Coder-3B,9,4,6,0,0,0.0,0,0,0,0,0,0,0,0,0,0,0.0
ClassEval_94,AI,Qwen2.5-Coder-3B,33,6,13,2,0,0.0,0,0,0,0,0,0,0,0,0,0,0.0
ClassEval_95,AI,Qwen2.5-Coder-3B,29,7,14,2,0,0.0,0,0,0,0,0,0,0,0,0,0,0.0
ClassEval_96,AI,Qwen2.5-Coder-3B,21,5,7,4,0,0.0,0,0,0,0,0,0,0,0,0,0,0.0
ClassEval_97,AI,Qwen2.5-Coder-3B,53,3,20,6,2,37.735849056603776,1,1,0,0,0,0,0,0,0,2,37.73584905660377
ClassEval_98,AI,Qwen2.5-Coder-3B,28,5,9,2,0,0.0,0,0,0,0,0,0,0,0,0,0,0.0
ClassEval_99,AI,Qwen2.5-Coder-3B,35,5,13,1,0,0.0,0,0,0,0,0,0,0,0,0,0,0.0
ClassEval_0,AI,Qwen2.5-Coder-7B,21,5,8,2,0,0.0,0,0,0,0,0,0,0,0,0,0,0.0
ClassEval_1,AI,Qwen2.5-Coder-7B,15,6,6,1,0,0.0,0,0,0,0,0,0,0,0,0,0,0.0
ClassEval_2,AI,Qwen2.5-Coder-7B,37,5,18,3,0,0.0,0,0,0,0,0,0,0,0,0,0,0.0
ClassEval_3,AI,Qwen2.5-Coder-7B,22,6,14,1,0,0.0,0,0,0,0,0,0,0,0,0,0,0.0
ClassEval_4,AI,Qwen2.5-Coder-7B,36,7,21,1,0,0.0,0,0,0,0,0,0,0,0,0,0,0.0
ClassEval_5,AI,Qwen2.5-Coder-7B,18,3,7,1,0,0.0,0,0,0,0,0,0,0,0,0,0,0.0
ClassEval_6,AI,Qwen2.5-Coder-7B,14,3,4,2,0,0.0,0,0,0,0,0,0,0,0,0,0,0.0
ClassEval_7,AI,Qwen2.5-Coder-7B,18,3,10,4,0,0.0,0,0,0,0,0,0,0,0,0,0,0.0
ClassEval_8,AI,Qwen2.5-Coder-7B,24,5,10,1,1,41.666666666666664,0,0,0,0,0,0,1,1,0,1,41.666666666666664
ClassEval_9,AI,Qwen2.5-Coder-7B,7,3,3,0,0,0.0,0,0,0,0,0,0,0,0,0,0,0.0
ClassEval_10,AI,Qwen2.5-Coder-7B,17,5,7,1,0,0.0,0,0,0,0,0,0,0,0,0,0,0.0
ClassEval_11,AI,Qwen2.5-Coder-7B,16,4,7,0,0,0.0,0,0,0,0,0,0,0,0,0,0,0.0
ClassEval_12,AI,Qwen2.5-Coder-7B,37,4,15,3,0,0.0,0,0,0,0,0,0,0,0,0,0,0.0
ClassEval_13,AI,Qwen2.5-Coder-7B,19,5,10,1,0,0.0,0,0,0,0,0,0,0,0,0,0,0.0
ClassEval_14,AI,Qwen2.5-Coder-7B,23,7,7,2,0,0.0,0,0,0,0,0,0,0,0,0,0,0.0
ClassEval_15,AI,Qwen2.5-Coder-7B,29,5,13,5,0,0.0,0,0,0,0,0,0,0,0,0,0,0.0
ClassEval_16,AI,Qwen2.5-Coder-7B,44,4,25,1,1,22.72727272727273,0,1,0,0,0,0,0,0,0,1,22.727272727272727
ClassEval_17,AI,Qwen2.5-Coder-7B,27,7,16,1,0,0.0,0,0,0,0,0,0,0,0,0,0,0.0
ClassEval_18,AI,Qwen2.5-Coder-7B,18,8,9,1,0,0.0,0,0,0,0,0,0,0,0,0,0,0.0
ClassEval_19,AI,Qwen2.5-Coder-7B,15,3,6,2,0,0.0,0,0,0,0,0,0,0,0,0,0,0.0
ClassEval_20,AI,Qwen2.5-Coder-7B,23,5,10,1,0,0.0,0,0,0,0,0,0,0,0,0,0,0.0
ClassEval_21,AI,Qwen2.5-Coder-7B,27,5,14,2,1,37.03703703703704,0,0,1,0,0,0,0,0,0,1,37.03703703703704
ClassEval_22,AI,Qwen2.5-Coder-7B,37,6,19,2,0,0.0,0,0,0,0,0,0,0,0,0,0,0.0
ClassEval_23,AI,Qwen2.5-Coder-7B,26,6,11,1,0,0.0,0,0,0,0,0,0,0,0,0,0,0.0
ClassEval_24,AI,Qwen2.5-Coder-7B,13,5,6,0,0,0.0,0,0,0,0,0,0,0,0,0,0,0.0
ClassEval_25,AI,Qwen2.5-Coder-7B,20,4,9,2,0,0.0,0,0,0,0,0,0,0,0,0,0,0.0
ClassEval_26,AI,Qwen2.5-Coder-7B,24,4,9,2,0,0.0,0,0,0,0,0,0,0,0,0,0,0.0
ClassEval_27,AI,Qwen2.5-Coder-7B,19,5,9,1,0,0.0,0,0,0,0,0,0,0,0,0,0,0.0
ClassEval_28,AI,Qwen2.5-Coder-7B,27,6,8,3,0,0.0,0,0,0,0,0,0,0,0,0,0,0.0
ClassEval_29,AI,Qwen2.5-Coder-7B,10,3,5,0,0,0.0,0,0,0,0,0,0,0,0,0,0,0.0
ClassEval_30,AI,Qwen2.5-Coder-7B,15,7,7,1,0,0.0,0,0,0,0,0,0,0,0,0,0,0.0
ClassEval_31,AI,Qwen2.5-Coder-7B,31,4,13,0,0,0.0,0,0,0,0,0,0,0,0,0,0,0.0
ClassEval_32,AI,Qwen2.5-Coder-7B,52,4,22,1,1,19.23076923076923,0,1,0,0,0,0,0,0,0,1,19.230769230769234
ClassEval_33,AI,Qwen2.5-Coder-7B,29,6,13,3,0,0.0,0,0,0,0,0,0,0,0,0,0,0.0
ClassEval_34,AI,Qwen2.5-Coder-7B,42,6,12,1,0,0.0,0,0,0,0,0,0,0,0,0,0,0.0
ClassEval_35,AI,Qwen2.5-Coder-7B,49,5,25,2,1,20.408163265306122,0,1,0,0,0,0,0,0,0,1,20.408163265306122
ClassEval_36,AI,Qwen2.5-Coder-7B,29,6,13,3,0,0.0,0,0,0,0,0,0,0,0,0,0,0.0
ClassEval_37,AI,Qwen2.5-Coder-7B,31,4,14,1,0,0.0,0,0,0,0,0,0,0,0,0,0,0.0
ClassEval_38,AI,Qwen2.5-Coder-7B,29,4,10,0,0,0.0,0,0,0,0,0,0,0,0,0,0,0.0
ClassEval_39,AI,Qwen2.5-Coder-7B,59,7,27,2,1,16.949152542372882,0,1,0,0,0,0,0,0,0,1,16.949152542372882
ClassEval_40,AI,Qwen2.5-Coder-7B,25,4,8,5,0,0.0,0,0,0,0,0,0,0,0,0,0,0.0
ClassEval_41,AI,Qwen2.5-Coder-7B,32,4,27,3,3,93.75,0,0,2,0,0,1,0,0,0,3,93.75
ClassEval_42,AI,Qwen2.5-Coder-7B,39,5,16,3,0,0.0,0,0,0,0,0,0,0,0,0,0,0.0
ClassEval_43,AI,Qwen2.5-Coder-7B,24,6,10,1,0,0.0,0,0,0,0,0,0,0,0,0,0,0.0
ClassEval_44,AI,Qwen2.5-Coder-7B,24,4,6,9,0,0.0,0,0,0,0,0,0,0,0,0,0,0.0
ClassEval_45,AI,Qwen2.5-Coder-7B,22,6,10,1,0,0.0,0,0,0,0,0,0,0,0,0,0,0.0
ClassEval_46,AI,Qwen2.5-Coder-7B,48,3,21,0,2,41.666666666666664,0,1,1,0,0,0,0,0,0,2,41.666666666666664
ClassEval_47,AI,Qwen2.5-Coder-7B,23,4,12,1,0,0.0,0,0,0,0,0,0,0,0,0,0,0.0
ClassEval_48,AI,Qwen2.5-Coder-7B,15,3,6,0,0,0.0,0,0,0,0,0,0,0,0,0,0,0.0
ClassEval_49,AI,Qwen2.5-Coder-7B,20,7,14,2,0,0.0,0,0,0,0,0,0,0,0,0,0,0.0
ClassEval_50,AI,Qwen2.5-Coder-7B,28,3,11,0,0,0.0,0,0,0,0,0,0,0,0,0,0,0.0
ClassEval_51,AI,Qwen2.5-Coder-7B,21,2,5,0,0,0.0,0,0,0,0,0,0,0,0,0,0,0.0
ClassEval_52,AI,Qwen2.5-Coder-7B,27,5,11,1,0,0.0,0,0,0,0,0,0,0,0,0,0,0.0
ClassEval_53,AI,Qwen2.5-Coder-7B,15,3,6,1,0,0.0,0,0,0,0,0,0,0,0,0,0,0.0
ClassEval_54,AI,Qwen2.5-Coder-7B,53,6,32,3,3,56.60377358490566,0,0,2,0,0,1,0,0,0,3,56.60377358490566
ClassEval_55,AI,Qwen2.5-Coder-7B,29,4,11,1,0,0.0,0,0,0,0,0,0,0,0,0,0,0.0
ClassEval_56,AI,Qwen2.5-Coder-7B,32,6,18,4,0,0.0,0,0,0,0,0,0,0,0,0,0,0.0
ClassEval_57,AI,Qwen2.5-Coder-7B,29,3,15,0,2,68.9655172413793,0,0,0,0,0,1,1,0,1,1,34.48275862068965
ClassEval_58,AI,Qwen2.5-Coder-7B,49,5,32,5,4,81.63265306122449,0,2,0,0,0,2,0,0,0,4,81.63265306122449
ClassEval_59,AI,Qwen2.5-Coder-7B,28,4,15,1,2,71.42857142857143,0,0,1,0,0,1,0,0,0,2,71.42857142857143
ClassEval_60,AI,Qwen2.5-Coder-7B,17,5,5,2,0,0.0,0,0,0,0,0,0,0,0,0,0,0.0
ClassEval_61,AI,Qwen2.5-Coder-7B,46,9,21,3,0,0.0,0,0,0,0,0,0,0,0,0,0,0.0
ClassEval_62,AI,Qwen2.5-Coder-7B,13,3,6,0,0,0.0,0,0,0,0,0,0,0,0,0,0,0.0
ClassEval_63,AI,Qwen2.5-Coder-7B,17,3,6,0,0,0.0,0,0,0,0,0,0,0,0,0,0,0.0
ClassEval_64,AI,Qwen2.5-Coder-7B,13,6,6,0,0,0.0,0,0,0,0,0,0,0,0,0,0,0.0
ClassEval_65,AI,Qwen2.5-Coder-7B,49,6,19,5,0,0.0,0,0,0,0,0,0,0,0,0,0,0.0
ClassEval_66,AI,Qwen2.5-Coder-7B,11,4,5,0,0,0.0,0,0,0,0,0,0,0,0,0,0,0.0
ClassEval_67,AI,Qwen2.5-Coder-7B,25,4,10,3,0,0.0,0,0,0,0,0,0,0,0,0,0,0.0
ClassEval_68,AI,Qwen2.5-Coder-7B,23,4,10,4,0,0.0,0,0,0,0,0,0,0,0,0,0,0.0
ClassEval_69,AI,Qwen2.5-Coder-7B,20,3,8,2,0,0.0,0,0,0,0,0,0,0,0,0,0,0.0
ClassEval_70,AI,Qwen2.5-Coder-7B,18,4,9,3,0,0.0,0,0,0,0,0,0,0,0,0,0,0.0
ClassEval_71,AI,Qwen2.5-Coder-7B,46,5,27,7,3,65.21739130434783,0,1,2,0,0,0,0,0,0,3,65.21739130434783
ClassEval_72,AI,Qwen2.5-Coder-7B,24,10,12,0,0,0.0,0,0,0,0,0,0,0,0,0,0,0.0
ClassEval_73,AI,Qwen2.5-Coder-7B,31,6,8,6,0,0.0,0,0,0,0,0,0,0,0,0,0,0.0
ClassEval_74,AI,Qwen2.5-Coder-7B,28,6,11,3,0,0.0,0,0,0,0,0,0,0,0,0,0,0.0
ClassEval_75,AI,Qwen2.5-Coder-7B,22,5,10,1,0,0.0,0,0,0,0,0,0,0,0,0,0,0.0
ClassEval_76,AI,Qwen2.5-Coder-7B,25,6,13,1,0,0.0,0,0,0,0,0,0,0,0,0,0,0.0
ClassEval_77,AI,Qwen2.5-Coder-7B,34,5,11,7,0,0.0,0,0,0,0,0,0,0,0,0,0,0.0
ClassEval_78,AI,Qwen2.5-Coder-7B,13,3,5,0,0,0.0,0,0,0,0,0,0,0,0,0,0,0.0
ClassEval_79,AI,Qwen2.5-Coder-7B,24,7,13,1,0,0.0,0,0,0,0,0,0,0,0,0,0,0.0
ClassEval_80,AI,Qwen2.5-Coder-7B,28,4,13,0,0,0.0,0,0,0,0,0,0,0,0,0,0,0.0
ClassEval_81,AI,Qwen2.5-Coder-7B,15,7,7,0,0,0.0,0,0,0,0,0,0,0,0,0,0,0.0
ClassEval_82,AI,Qwen2.5-Coder-7B,46,8,21,2,1,21.73913043478261,0,0,0,0,0,1,0,0,0,1,21.73913043478261
ClassEval_83,AI,Qwen2.5-Coder-7B,28,5,5,1,0,0.0,0,0,0,0,0,0,0,0,0,0,0.0
ClassEval_84,AI,Qwen2.5-Coder-7B,23,5,12,1,0,0.0,0,0,0,0,0,0,0,0,0,0,0.0
ClassEval_85,AI,Qwen2.5-Coder-7B,33,8,17,3,1,30.3030303030303,0,0,1,0,0,0,0,0,0,1,30.303030303030305
ClassEval_86,AI,Qwen2.5-Coder-7B,27,4,16,2,0,0.0,0,0,0,0,0,0,0,0,0,0,0.0
ClassEval_87,AI,Qwen2.5-Coder-7B,21,8,8,1,1,47.61904761904761,0,0,0,0,1,0,0,0,0,1,47.61904761904761
ClassEval_88,AI,Qwen2.5-Coder-7B,25,6,10,0,0,0.0,0,0,0,0,0,0,0,0,0,0,0.0
ClassEval_89,AI,Qwen2.5-Coder-7B,16,5,7,1,0,0.0,0,0,0,0,0,0,0,0,0,0,0.0
ClassEval_90,AI,Qwen2.5-Coder-7B,14,6,6,2,0,0.0,0,0,0,0,0,0,0,0,0,0,0.0
ClassEval_91,AI,Qwen2.5-Coder-7B,13,4,5,2,0,0.0,0,0,0,0,0,0,0,0,0,0,0.0
ClassEval_92,AI,Qwen2.5-Coder-7B,19,6,6,2,0,0.0,0,0,0,0,0,0,0,0,0,0,0.0
ClassEval_93,AI,Qwen2.5-Coder-7B,12,4,8,0,0,0.0,0,0,0,0,0,0,0,0,0,0,0.0
ClassEval_94,AI,Qwen2.5-Coder-7B,31,6,13,2,0,0.0,0,0,0,0,0,0,0,0,0,0,0.0
ClassEval_95,AI,Qwen2.5-Coder-7B,26,7,12,2,0,0.0,0,0,0,0,0,0,0,0,0,0,0.0
ClassEval_96,AI,Qwen2.5-Coder-7B,27,5,11,4,0,0.0,0,0,0,0,0,0,0,0,0,0,0.0
ClassEval_97,AI,Qwen2.5-Coder-7B,37,3,13,6,0,0.0,0,0,0,0,0,0,0,0,0,0,0.0
ClassEval_98,AI,Qwen2.5-Coder-7B,22,5,8,2,0,0.0,0,0,0,0,0,0,0,0,0,0,0.0
ClassEval_99,AI,Qwen2.5-Coder-7B,34,5,15,1,1,29.41176470588235,0,0,0,0,0,0,1,1,0,1,29.41176470588235
ClassEval_0,AI,Granite-8B-Code,17,5,12,0,0,0.0,0,0,0,0,0,0,0,0,0,0,0.0
ClassEval_1,AI,Granite-8B-Code,13,6,6,1,0,0.0,0,0,0,0,0,0,0,0,0,0,0.0
ClassEval_2,AI,Granite-8B-Code,29,5,11,3,0,0.0,0,0,0,0,0,0,0,0,0,0,0.0
ClassEval_3,AI,Granite-8B-Code,19,6,10,1,0,0.0,0,0,0,0,0,0,0,0,0,0,0.0
ClassEval_4,AI,Granite-8B-Code,47,7,20,1,0,0.0,0,0,0,0,0,0,0,0,0,0,0.0
ClassEval_5,AI,Granite-8B-Code,15,3,7,1,0,0.0,0,0,0,0,0,0,0,0,0,0,0.0
ClassEval_6,AI,Granite-8B-Code,18,3,5,2,0,0.0,0,0,0,0,0,0,0,0,0,0,0.0
ClassEval_7,AI,Granite-8B-Code,16,3,10,4,0,0.0,0,0,0,0,0,0,0,0,0,0,0.0
ClassEval_8,AI,Granite-8B-Code,25,5,10,1,1,40.0,0,0,0,0,0,0,1,1,0,1,40.0
ClassEval_9,AI,Granite-8B-Code,7,3,3,0,0,0.0,0,0,0,0,0,0,0,0,0,0,0.0
ClassEval_10,AI,Granite-8B-Code,15,5,5,1,0,0.0,0,0,0,0,0,0,0,0,0,0,0.0
ClassEval_11,AI,Granite-8B-Code,23,4,19,0,0,0.0,0,0,0,0,0,0,0,0,0,0,0.0
ClassEval_12,AI,Granite-8B-Code,39,4,17,3,0,0.0,0,0,0,0,0,0,0,0,0,0,0.0
ClassEval_13,AI,Granite-8B-Code,21,5,10,1,0,0.0,0,0,0,0,0,0,0,0,0,0,0.0
ClassEval_14,AI,Granite-8B-Code,24,7,7,2,0,0.0,0,0,0,0,0,0,0,0,0,0,0.0
ClassEval_15,AI,Granite-8B-Code,25,4,12,4,0,0.0,0,0,0,0,0,0,0,0,0,0,0.0
ClassEval_16,AI,Granite-8B-Code,22,4,9,1,0,0.0,0,0,0,0,0,0,0,0,0,0,0.0
ClassEval_17,AI,Granite-8B-Code,30,7,15,1,0,0.0,0,0,0,0,0,0,0,0,0,0,0.0
ClassEval_18,AI,Granite-8B-Code,17,8,9,1,0,0.0,0,0,0,0,0,0,0,0,0,0,0.0
ClassEval_19,AI,Granite-8B-Code,12,3,6,2,0,0.0,0,0,0,0,0,0,0,0,0,0,0.0
ClassEval_20,AI,Granite-8B-Code,22,5,10,1,0,0.0,0,0,0,0,0,0,0,0,0,0,0.0
ClassEval_21,AI,Granite-8B-Code,29,5,13,2,0,0.0,0,0,0,0,0,0,0,0,0,0,0.0
ClassEval_22,AI,Granite-8B-Code,10,3,5,2,0,0.0,0,0,0,0,0,0,0,0,0,0,0.0
ClassEval_23,AI,Granite-8B-Code,25,6,10,1,0,0.0,0,0,0,0,0,0,0,0,0,0,0.0
ClassEval_24,AI,Granite-8B-Code,11,5,5,0,0,0.0,0,0,0,0,0,0,0,0,0,0,0.0
ClassEval_25,AI,Granite-8B-Code,15,4,6,2,0,0.0,0,0,0,0,0,0,0,0,0,0,0.0
ClassEval_26,AI,Granite-8B-Code,20,4,7,0,0,0.0,0,0,0,0,0,0,0,0,0,0,0.0
ClassEval_27,AI,Granite-8B-Code,17,5,7,1,0,0.0,0,0,0,0,0,0,0,0,0,0,0.0
ClassEval_28,AI,Granite-8B-Code,28,5,5,1,0,0.0,0,0,0,0,0,0,0,0,0,0,0.0
ClassEval_29,AI,Granite-8B-Code,14,3,6,0,0,0.0,0,0,0,0,0,0,0,0,0,0,0.0
ClassEval_30,AI,Granite-8B-Code,15,7,7,1,0,0.0,0,0,0,0,0,0,0,0,0,0,0.0
ClassEval_31,AI,Granite-8B-Code,28,4,17,0,1,35.714285714285715,0,0,0,0,0,0,1,1,0,1,35.714285714285715
ClassEval_32,AI,Granite-8B-Code,41,4,14,1,0,0.0,0,0,0,0,0,0,0,0,0,0,0.0
ClassEval_33,AI,Granite-8B-Code,30,6,15,5,0,0.0,0,0,0,0,0,0,0,0,0,0,0.0
ClassEval_34,AI,Granite-8B-Code,32,6,12,2,0,0.0,0,0,0,0,0,0,0,0,0,0,0.0
ClassEval_35,AI,Granite-8B-Code,66,6,29,2,1,15.15151515151515,0,0,0,0,0,1,0,0,0,1,15.151515151515152
ClassEval_36,AI,Granite-8B-Code,25,6,11,3,0,0.0,0,0,0,0,0,0,0,0,0,0,0.0
ClassEval_37,AI,Granite-8B-Code,27,4,10,1,0,0.0,0,0,0,0,0,0,0,0,0,0,0.0
ClassEval_38,AI,Granite-8B-Code,23,4,7,0,0,0.0,0,0,0,0,0,0,0,0,0,0,0.0
ClassEval_39,AI,Granite-8B-Code,60,7,23,2,0,0.0,0,0,0,0,0,0,0,0,0,0,0.0
ClassEval_40,AI,Granite-8B-Code,24,4,9,5,0,0.0,0,0,0,0,0,0,0,0,0,0,0.0
ClassEval_41,AI,Granite-8B-Code,31,4,17,3,0,0.0,0,0,0,0,0,0,0,0,0,0,0.0
ClassEval_42,AI,Granite-8B-Code,34,5,15,3,0,0.0,0,0,0,0,0,0,0,0,0,0,0.0
ClassEval_43,AI,Granite-8B-Code,24,6,11,1,0,0.0,0,0,0,0,0,0,0,0,0,0,0.0
ClassEval_44,AI,Granite-8B-Code,24,4,6,9,1,41.666666666666664,0,0,0,0,0,0,1,0,1,0,0.0
ClassEval_45,AI,Granite-8B-Code,14,6,6,1,0,0.0,0,0,0,0,0,0,0,0,0,0,0.0
ClassEval_46,AI,Granite-8B-Code,7,3,3,0,0,0.0,0,0,0,0,0,0,0,0,0,0,0.0
ClassEval_47,AI,Granite-8B-Code,22,4,12,1,0,0.0,0,0,0,0,0,0,0,0,0,0,0.0
ClassEval_48,AI,Granite-8B-Code,13,3,5,0,0,0.0,0,0,0,0,0,0,0,0,0,0,0.0
ClassEval_49,AI,Granite-8B-Code,18,8,13,2,0,0.0,0,0,0,0,0,0,0,0,0,0,0.0
ClassEval_50,AI,Granite-8B-Code,25,3,10,0,0,0.0,0,0,0,0,0,0,0,0,0,0,0.0
ClassEval_51,AI,Granite-8B-Code,12,2,2,0,0,0.0,0,0,0,0,0,0,0,0,0,0,0.0
ClassEval_52,AI,Granite-8B-Code,19,4,6,1,0,0.0,0,0,0,0,0,0,0,0,0,0,0.0
ClassEval_53,AI,Granite-8B-Code,13,3,6,1,0,0.0,0,0,0,0,0,0,0,0,0,0,0.0
ClassEval_54,AI,Granite-8B-Code,54,6,35,3,4,74.07407407407408,0,1,2,0,0,0,1,0,1,3,55.55555555555555
ClassEval_55,AI,Granite-8B-Code,19,3,9,1,0,0.0,0,0,0,0,0,0,0,0,0,0,0.0
ClassEval_56,AI,Granite-8B-Code,19,6,14,4,0,0.0,0,0,0,0,0,0,0,0,0,0,0.0
ClassEval_57,AI,Granite-8B-Code,19,3,9,0,1,52.631578947368425,0,0,0,0,0,0,1,0,1,0,0.0
ClassEval_58,AI,Granite-8B-Code,58,5,39,5,2,34.48275862068965,0,1,0,0,0,1,0,0,0,2,34.48275862068965
ClassEval_59,AI,Granite-8B-Code,22,4,11,1,2,90.90909090909092,0,0,0,0,0,1,1,0,1,1,45.45454545454545
ClassEval_60,AI,Granite-8B-Code,17,5,5,2,0,0.0,0,0,0,0,0,0,0,0,0,0,0.0
ClassEval_61,AI,Granite-8B-Code,46,9,18,3,0,0.0,0,0,0,0,0,0,0,0,0,0,0.0
ClassEval_62,AI,Granite-8B-Code,8,3,5,0,0,0.0,0,0,0,0,0,0,0,0,0,0,0.0
ClassEval_63,AI,Granite-8B-Code,17,3,5,0,0,0.0,0,0,0,0,0,0,0,0,0,0,0.0
ClassEval_64,AI,Granite-8B-Code,13,6,6,0,0,0.0,0,0,0,0,0,0,0,0,0,0,0.0
ClassEval_65,AI,Granite-8B-Code,37,6,18,5,0,0.0,0,0,0,0,0,0,0,0,0,0,0.0
ClassEval_66,AI,Granite-8B-Code,7,3,3,0,0,0.0,0,0,0,0,0,0,0,0,0,0,0.0
ClassEval_67,AI,Granite-8B-Code,23,4,13,3,1,43.47826086956522,0,0,0,0,0,1,0,0,0,1,43.47826086956522
ClassEval_68,AI,Granite-8B-Code,19,4,6,4,0,0.0,0,0,0,0,0,0,0,0,0,0,0.0
ClassEval_69,AI,Granite-8B-Code,8,3,4,2,0,0.0,0,0,0,0,0,0,0,0,0,0,0.0
ClassEval_70,AI,Granite-8B-Code,17,4,9,3,0,0.0,0,0,0,0,0,0,0,0,0,0,0.0
ClassEval_71,AI,Granite-8B-Code,42,4,16,7,0,0.0,0,0,0,0,0,0,0,0,0,0,0.0
ClassEval_72,AI,Granite-8B-Code,21,10,10,0,0,0.0,0,0,0,0,0,0,0,0,0,0,0.0
ClassEval_73,AI,Granite-8B-Code,18,5,6,6,0,0.0,0,0,0,0,0,0,0,0,0,0,0.0
ClassEval_74,AI,Granite-8B-Code,29,6,11,3,0,0.0,0,0,0,0,0,0,0,0,0,0,0.0
ClassEval_75,AI,Granite-8B-Code,19,5,9,1,0,0.0,0,0,0,0,0,0,0,0,0,0,0.0
ClassEval_76,AI,Granite-8B-Code,21,6,11,1,0,0.0,0,0,0,0,0,0,0,0,0,0,0.0
ClassEval_77,AI,Granite-8B-Code,13,5,5,7,0,0.0,0,0,0,0,0,0,0,0,0,0,0.0
ClassEval_78,AI,Granite-8B-Code,7,3,4,0,0,0.0,0,0,0,0,0,0,0,0,0,0,0.0
ClassEval_79,AI,Granite-8B-Code,23,7,11,1,0,0.0,0,0,0,0,0,0,0,0,0,0,0.0
ClassEval_80,AI,Granite-8B-Code,19,4,12,0,0,0.0,0,0,0,0,0,0,0,0,0,0,0.0
ClassEval_81,AI,Granite-8B-Code,53,7,26,0,0,0.0,0,0,0,0,0,0,0,0,0,0,0.0
ClassEval_82,AI,Granite-8B-Code,40,8,15,2,0,0.0,0,0,0,0,0,0,0,0,0,0,0.0
ClassEval_83,AI,Granite-8B-Code,28,5,5,1,0,0.0,0,0,0,0,0,0,0,0,0,0,0.0
ClassEval_84,AI,Granite-8B-Code,18,5,10,1,0,0.0,0,0,0,0,0,0,0,0,0,0,0.0
ClassEval_85,AI,Granite-8B-Code,33,8,16,3,0,0.0,0,0,0,0,0,0,0,0,0,0,0.0
ClassEval_86,AI,Granite-8B-Code,27,4,16,2,0,0.0,0,0,0,0,0,0,0,0,0,0,0.0
ClassEval_87,AI,Granite-8B-Code,21,8,8,1,1,47.61904761904761,0,0,0,0,1,0,0,0,0,1,47.61904761904761
ClassEval_88,AI,Granite-8B-Code,10,4,5,0,0,0.0,0,0,0,0,0,0,0,0,0,0,0.0
ClassEval_89,AI,Granite-8B-Code,12,5,6,1,0,0.0,0,0,0,0,0,0,0,0,0,0,0.0
ClassEval_90,AI,Granite-8B-Code,13,6,7,1,0,0.0,0,0,0,0,0,0,0,0,0,0,0.0
ClassEval_91,AI,Granite-8B-Code,10,4,4,2,0,0.0,0,0,0,0,0,0,0,0,0,0,0.0
ClassEval_92,AI,Granite-8B-Code,18,5,7,2,0,0.0,0,0,0,0,0,0,0,0,0,0,0.0
ClassEval_93,AI,Granite-8B-Code,9,4,7,0,0,0.0,0,0,0,0,0,0,0,0,0,0,0.0
ClassEval_94,AI,Granite-8B-Code,27,6,11,2,0,0.0,0,0,0,0,0,0,0,0,0,0,0.0
ClassEval_95,AI,Granite-8B-Code,30,7,14,2,0,0.0,0,0,0,0,0,0,0,0,0,0,0.0
ClassEval_96,AI,Granite-8B-Code,23,5,7,4,0,0.0,0,0,0,0,0,0,0,0,0,0,0.0
ClassEval_97,AI,Granite-8B-Code,19,3,7,6,0,0.0,0,0,0,0,0,0,0,0,0,0,0.0
ClassEval_98,AI,Granite-8B-Code,16,5,6,2,0,0.0,0,0,0,0,0,0,0,0,0,0,0.0
ClassEval_99,AI,Granite-8B-Code,18,5,9,1,0,0.0,0,0,0,0,0,0,0,0,0,0,0.0
ClassEval_0,AI,Qwen2.5-Coder-14B,28,5,11,1,0,0.0,0,0,0,0,0,0,0,0,0,0,0.0
ClassEval_1,AI,Qwen2.5-Coder-14B,15,6,6,1,0,0.0,0,0,0,0,0,0,0,0,0,0,0.0
ClassEval_2,AI,Qwen2.5-Coder-14B,33,5,13,3,0,0.0,0,0,0,0,0,0,0,0,0,0,0.0
ClassEval_3,AI,Qwen2.5-Coder-14B,25,6,13,1,0,0.0,0,0,0,0,0,0,0,0,0,0,0.0
ClassEval_4,AI,Qwen2.5-Coder-14B,39,7,20,1,0,0.0,0,0,0,0,0,0,0,0,0,0,0.0
ClassEval_5,AI,Qwen2.5-Coder-14B,16,3,7,1,0,0.0,0,0,0,0,0,0,0,0,0,0,0.0
ClassEval_6,AI,Qwen2.5-Coder-14B,18,3,7,2,0,0.0,0,0,0,0,0,0,0,0,0,0,0.0
ClassEval_7,AI,Qwen2.5-Coder-14B,20,3,10,4,0,0.0,0,0,0,0,0,0,0,0,0,0,0.0
ClassEval_8,AI,Qwen2.5-Coder-14B,26,5,11,1,0,0.0,0,0,0,0,0,0,0,0,0,0,0.0
ClassEval_9,AI,Qwen2.5-Coder-14B,7,3,3,0,0,0.0,0,0,0,0,0,0,0,0,0,0,0.0
ClassEval_10,AI,Qwen2.5-Coder-14B,23,5,7,1,0,0.0,0,0,0,0,0,0,0,0,0,0,0.0
ClassEval_11,AI,Qwen2.5-Coder-14B,16,4,7,0,0,0.0,0,0,0,0,0,0,0,0,0,0,0.0
ClassEval_12,AI,Qwen2.5-Coder-14B,38,4,15,3,0,0.0,0,0,0,0,0,0,0,0,0,0,0.0
ClassEval_13,AI,Qwen2.5-Coder-14B,23,5,11,1,0,0.0,0,0,0,0,0,0,0,0,0,0,0.0
ClassEval_14,AI,Qwen2.5-Coder-14B,23,7,7,2,0,0.0,0,0,0,0,0,0,0,0,0,0,0.0
ClassEval_15,AI,Qwen2.5-Coder-14B,25,4,10,4,0,0.0,0,0,0,0,0,0,0,0,0,0,0.0
ClassEval_16,AI,Qwen2.5-Coder-14B,38,4,16,1,1,26.315789473684212,0,1,0,0,0,0,0,0,0,1,26.31578947368421
ClassEval_17,AI,Qwen2.5-Coder-14B,28,7,17,1,0,0.0,0,0,0,0,0,0,0,0,0,0,0.0
ClassEval_18,AI,Qwen2.5-Coder-14B,21,8,9,1,0,0.0,0,0,0,0,0,0,0,0,0,0,0.0
ClassEval_19,AI,Qwen2.5-Coder-14B,19,3,9,2,0,0.0,0,0,0,0,0,0,0,0,0,0,0.0
ClassEval_20,AI,Qwen2.5-Coder-14B,24,5,10,1,0,0.0,0,0,0,0,0,0,0,0,0,0,0.0
ClassEval_21,AI,Qwen2.5-Coder-14B,27,5,12,2,0,0.0,0,0,0,0,0,0,0,0,0,0,0.0
ClassEval_22,AI,Qwen2.5-Coder-14B,31,6,18,2,1,32.25806451612903,0,0,0,0,0,1,0,0,0,1,32.25806451612903
ClassEval_23,AI,Qwen2.5-Coder-14B,28,6,12,1,0,0.0,0,0,0,0,0,0,0,0,0,0,0.0
ClassEval_24,AI,Qwen2.5-Coder-14B,13,5,6,0,0,0.0,0,0,0,0,0,0,0,0,0,0,0.0
ClassEval_25,AI,Qwen2.5-Coder-14B,23,4,10,2,0,0.0,0,0,0,0,0,0,0,0,0,0,0.0
ClassEval_26,AI,Qwen2.5-Coder-14B,33,4,14,0,0,0.0,0,0,0,0,0,0,0,0,0,0,0.0
ClassEval_27,AI,Qwen2.5-Coder-14B,21,5,9,1,0,0.0,0,0,0,0,0,0,0,0,0,0,0.0
ClassEval_28,AI,Qwen2.5-Coder-14B,31,5,7,1,0,0.0,0,0,0,0,0,0,0,0,0,0,0.0
ClassEval_29,AI,Qwen2.5-Coder-14B,21,3,9,0,0,0.0,0,0,0,0,0,0,0,0,0,0,0.0
ClassEval_30,AI,Qwen2.5-Coder-14B,17,7,7,1,0,0.0,0,0,0,0,0,0,0,0,0,0,0.0
ClassEval_31,AI,Qwen2.5-Coder-14B,44,4,20,0,0,0.0,0,0,0,0,0,0,0,0,0,0,0.0
ClassEval_32,AI,Qwen2.5-Coder-14B,39,4,16,1,0,0.0,0,0,0,0,0,0,0,0,0,0,0.0
ClassEval_33,AI,Qwen2.5-Coder-14B,22,6,13,4,0,0.0,0,0,0,0,0,0,0,0,0,0,0.0
ClassEval_34,AI,Qwen2.5-Coder-14B,43,6,14,2,0,0.0,0,0,0,0,0,0,0,0,0,0,0.0
ClassEval_35,AI,Qwen2.5-Coder-14B,48,5,25,2,1,20.833333333333332,0,1,0,0,0,0,0,0,0,1,20.833333333333332
ClassEval_36,AI,Qwen2.5-Coder-14B,26,6,12,3,0,0.0,0,0,0,0,0,0,0,0,0,0,0.0
ClassEval_37,AI,Qwen2.5-Coder-14B,35,4,14,1,0,0.0,0,0,0,0,0,0,0,0,0,0,0.0
ClassEval_38,AI,Qwen2.5-Coder-14B,36,4,12,0,0,0.0,0,0,0,0,0,0,0,0,0,0,0.0
ClassEval_39,AI,Qwen2.5-Coder-14B,60,8,26,3,1,16.666666666666668,0,1,0,0,0,0,0,0,0,1,16.666666666666668
ClassEval_40,AI,Qwen2.5-Coder-14B,27,4,9,5,0,0.0,0,0,0,0,0,0,0,0,0,0,0.0
ClassEval_41,AI,Qwen2.5-Coder-14B,34,4,23,3,1,29.41176470588235,0,0,0,0,0,1,0,0,0,1,29.41176470588235
ClassEval_42,AI,Qwen2.5-Coder-14B,31,5,16,3,0,0.0,0,0,0,0,0,0,0,0,0,0,0.0
ClassEval_43,AI,Qwen2.5-Coder-14B,24,6,10,1,0,0.0,0,0,0,0,0,0,0,0,0,0,0.0
ClassEval_44,AI,Qwen2.5-Coder-14B,39,4,13,9,0,0.0,0,0,0,0,0,0,0,0,0,0,0.0
ClassEval_45,AI,Qwen2.5-Coder-14B,18,6,10,1,0,0.0,0,0,0,0,0,0,0,0,0,0,0.0
ClassEval_46,AI,Qwen2.5-Coder-14B,44,3,18,0,2,45.45454545454546,0,1,1,0,0,0,0,0,0,2,45.45454545454545
ClassEval_47,AI,Qwen2.5-Coder-14B,22,4,10,1,0,0.0,0,0,0,0,0,0,0,0,0,0,0.0
ClassEval_48,AI,Qwen2.5-Coder-14B,16,3,6,0,0,0.0,0,0,0,0,0,0,0,0,0,0,0.0
ClassEval_49,AI,Qwen2.5-Coder-14B,33,8,17,2,0,0.0,0,0,0,0,0,0,0,0,0,0,0.0
ClassEval_50,AI,Qwen2.5-Coder-14B,25,3,12,0,0,0.0,0,0,0,0,0,0,0,0,0,0,0.0
ClassEval_51,AI,Qwen2.5-Coder-14B,18,2,4,0,0,0.0,0,0,0,0,0,0,0,0,0,0,0.0
ClassEval_52,AI,Qwen2.5-Coder-14B,26,5,11,1,0,0.0,0,0,0,0,0,0,0,0,0,0,0.0
ClassEval_53,AI,Qwen2.5-Coder-14B,13,3,6,1,0,0.0,0,0,0,0,0,0,0,0,0,0,0.0
ClassEval_54,AI,Qwen2.5-Coder-14B,43,6,24,3,3,69.76744186046513,0,0,2,0,0,0,1,0,1,2,46.51162790697674
ClassEval_55,AI,Qwen2.5-Coder-14B,25,3,12,1,0,0.0,0,0,0,0,0,0,0,0,0,0,0.0
ClassEval_56,AI,Qwen2.5-Coder-14B,38,6,19,4,1,26.315789473684212,0,1,0,0,0,0,0,0,0,1,26.31578947368421
ClassEval_57,AI,Qwen2.5-Coder-14B,28,3,11,0,1,35.714285714285715,0,0,0,0,0,0,1,0,1,0,0.0
ClassEval_58,AI,Qwen2.5-Coder-14B,41,5,24,5,2,48.78048780487805,0,1,0,0,0,1,0,0,0,2,48.78048780487805
ClassEval_59,AI,Qwen2.5-Coder-14B,27,4,13,1,2,74.07407407407408,0,0,0,0,0,1,1,0,1,1,37.03703703703704
ClassEval_60,AI,Qwen2.5-Coder-14B,17,5,5,2,0,0.0,0,0,0,0,0,0,0,0,0,0,0.0
ClassEval_61,AI,Qwen2.5-Coder-14B,47,9,19,3,0,0.0,0,0,0,0,0,0,0,0,0,0,0.0
ClassEval_62,AI,Qwen2.5-Coder-14B,13,3,6,0,0,0.0,0,0,0,0,0,0,0,0,0,0,0.0
ClassEval_63,AI,Qwen2.5-Coder-14B,16,3,6,0,0,0.0,0,0,0,0,0,0,0,0,0,0,0.0
ClassEval_64,AI,Qwen2.5-Coder-14B,13,6,6,0,0,0.0,0,0,0,0,0,0,0,0,0,0,0.0
ClassEval_65,AI,Qwen2.5-Coder-14B,42,6,17,5,1,23.809523809523807,0,0,0,0,0,1,0,0,0,1,23.809523809523807
ClassEval_66,AI,Qwen2.5-Coder-14B,13,3,7,0,0,0.0,0,0,0,0,0,0,0,0,0,0,0.0
ClassEval_67,AI,Qwen2.5-Coder-14B,24,4,9,3,0,0.0,0,0,0,0,0,0,0,0,0,0,0.0
ClassEval_68,AI,Qwen2.5-Coder-14B,24,4,10,4,0,0.0,0,0,0,0,0,0,0,0,0,0,0.0
ClassEval_69,AI,Qwen2.5-Coder-14B,20,3,9,2,0,0.0,0,0,0,0,0,0,0,0,0,0,0.0
ClassEval_70,AI,Qwen2.5-Coder-14B,18,4,10,3,0,0.0,0,0,0,0,0,0,0,0,0,0,0.0
ClassEval_71,AI,Qwen2.5-Coder-14B,56,5,27,7,1,17.857142857142858,0,1,0,0,0,0,0,0,0,1,17.857142857142858
ClassEval_72,AI,Qwen2.5-Coder-14B,25,10,11,0,0,0.0,0,0,0,0,0,0,0,0,0,0,0.0
ClassEval_73,AI,Qwen2.5-Coder-14B,28,6,8,6,0,0.0,0,0,0,0,0,0,0,0,0,0,0.0
ClassEval_74,AI,Qwen2.5-Coder-14B,28,6,11,3,0,0.0,0,0,0,0,0,0,0,0,0,0,0.0
ClassEval_75,AI,Qwen2.5-Coder-14B,21,5,10,1,0,0.0,0,0,0,0,0,0,0,0,0,0,0.0
ClassEval_76,AI,Qwen2.5-Coder-14B,24,6,14,1,0,0.0,0,0,0,0,0,0,0,0,0,0,0.0
ClassEval_77,AI,Qwen2.5-Coder-14B,38,5,13,7,1,26.315789473684212,0,0,1,0,0,0,0,0,0,1,26.31578947368421
ClassEval_78,AI,Qwen2.5-Coder-14B,15,3,5,0,0,0.0,0,0,0,0,0,0,0,0,0,0,0.0
ClassEval_79,AI,Qwen2.5-Coder-14B,30,7,11,1,0,0.0,0,0,0,0,0,0,0,0,0,0,0.0
ClassEval_80,AI,Qwen2.5-Coder-14B,27,4,13,0,0,0.0,0,0,0,0,0,0,0,0,0,0,0.0
ClassEval_81,AI,Qwen2.5-Coder-14B,38,7,18,0,0,0.0,0,0,0,0,0,0,0,0,0,0,0.0
ClassEval_82,AI,Qwen2.5-Coder-14B,41,8,17,2,1,24.390243902439025,0,0,0,0,0,1,0,0,0,1,24.390243902439025
ClassEval_83,AI,Qwen2.5-Coder-14B,28,5,5,1,0,0.0,0,0,0,0,0,0,0,0,0,0,0.0
ClassEval_84,AI,Qwen2.5-Coder-14B,21,5,9,1,0,0.0,0,0,0,0,0,0,0,0,0,0,0.0
ClassEval_85,AI,Qwen2.5-Coder-14B,35,8,17,3,1,28.57142857142857,0,0,1,0,0,0,0,0,0,1,28.57142857142857
ClassEval_86,AI,Qwen2.5-Coder-14B,24,4,21,2,1,41.666666666666664,0,1,0,0,0,0,0,0,0,1,41.666666666666664
ClassEval_87,AI,Qwen2.5-Coder-14B,21,8,8,1,1,47.61904761904761,0,0,0,0,1,0,0,0,0,1,47.61904761904761
ClassEval_88,AI,Qwen2.5-Coder-14B,33,6,12,0,0,0.0,0,0,0,0,0,0,0,0,0,0,0.0
ClassEval_89,AI,Qwen2.5-Coder-14B,21,5,9,1,0,0.0,0,0,0,0,0,0,0,0,0,0,0.0
ClassEval_90,AI,Qwen2.5-Coder-14B,14,6,6,2,0,0.0,0,0,0,0,0,0,0,0,0,0,0.0
ClassEval_91,AI,Qwen2.5-Coder-14B,21,6,11,2,0,0.0,0,0,0,0,0,0,0,0,0,0,0.0
ClassEval_92,AI,Qwen2.5-Coder-14B,21,6,7,2,0,0.0,0,0,0,0,0,0,0,0,0,0,0.0
ClassEval_93,AI,Qwen2.5-Coder-14B,13,4,5,0,0,0.0,0,0,0,0,0,0,0,0,0,0,0.0
ClassEval_94,AI,Qwen2.5-Coder-14B,30,6,13,2,0,0.0,0,0,0,0,0,0,0,0,0,0,0.0
ClassEval_95,AI,Qwen2.5-Coder-14B,32,7,15,2,0,0.0,0,0,0,0,0,0,0,0,0,0,0.0
ClassEval_96,AI,Qwen2.5-Coder-14B,23,5,10,4,0,0.0,0,0,0,0,0,0,0,0,0,0,0.0
ClassEval_97,AI,Qwen2.5-Coder-14B,32,3,12,6,0,0.0,0,0,0,0,0,0,0,0,0,0,0.0
ClassEval_98,AI,Qwen2.5-Coder-14B,33,5,11,2,0,0.0,0,0,0,0,0,0,0,0,0,0,0.0
ClassEval_99,AI,Qwen2.5-Coder-14B,32,5,14,1,1,31.25,0,0,0,0,0,1,0,0,0,1,31.25
ClassEval_0,AI,StarCoder2-15B,20,5,10,0,0,0.0,0,0,0,0,0,0,0,0,0,0,0.0
ClassEval_1,AI,StarCoder2-15B,13,6,6,1,0,0.0,0,0,0,0,0,0,0,0,0,0,0.0
ClassEval_2,AI,StarCoder2-15B,28,5,12,3,0,0.0,0,0,0,0,0,0,0,0,0,0,0.0
ClassEval_3,AI,StarCoder2-15B,19,6,13,1,0,0.0,0,0,0,0,0,0,0,0,0,0,0.0
ClassEval_4,AI,StarCoder2-15B,20,7,16,1,0,0.0,0,0,0,0,0,0,0,0,0,0,0.0
ClassEval_5,AI,StarCoder2-15B,16,3,7,1,0,0.0,0,0,0,0,0,0,0,0,0,0,0.0
ClassEval_6,AI,StarCoder2-15B,13,3,4,2,0,0.0,0,0,0,0,0,0,0,0,0,0,0.0
ClassEval_7,AI,StarCoder2-15B,18,3,10,4,0,0.0,0,0,0,0,0,0,0,0,0,0,0.0
ClassEval_8,AI,StarCoder2-15B,20,5,8,1,0,0.0,0,0,0,0,0,0,0,0,0,0,0.0
ClassEval_9,AI,StarCoder2-15B,64,3,15,0,2,31.25,0,0,0,0,0,0,2,2,0,2,31.25
ClassEval_10,AI,StarCoder2-15B,25,5,9,1,0,0.0,0,0,0,0,0,0,0,0,0,0,0.0
ClassEval_11,AI,StarCoder2-15B,16,4,7,0,0,0.0,0,0,0,0,0,0,0,0,0,0,0.0
ClassEval_12,AI,StarCoder2-15B,40,4,17,3,0,0.0,0,0,0,0,0,0,0,0,0,0,0.0
ClassEval_13,AI,StarCoder2-15B,19,5,9,1,0,0.0,0,0,0,0,0,0,0,0,0,0,0.0
ClassEval_14,AI,StarCoder2-15B,30,7,7,2,0,0.0,0,0,0,0,0,0,0,0,0,0,0.0
ClassEval_15,AI,StarCoder2-15B,28,4,11,4,0,0.0,0,0,0,0,0,0,0,0,0,0,0.0
ClassEval_16,AI,StarCoder2-15B,38,4,18,1,1,26.315789473684212,0,1,0,0,0,0,0,0,0,1,26.31578947368421
ClassEval_17,AI,StarCoder2-15B,28,7,17,1,0,0.0,0,0,0,0,0,0,0,0,0,0,0.0
ClassEval_18,AI,StarCoder2-15B,18,8,9,1,0,0.0,0,0,0,0,0,0,0,0,0,0,0.0
ClassEval_19,AI,StarCoder2-15B,15,3,8,2,0,0.0,0,0,0,0,0,0,0,0,0,0,0.0
ClassEval_20,AI,StarCoder2-15B,23,5,10,1,0,0.0,0,0,0,0,0,0,0,0,0,0,0.0
ClassEval_21,AI,StarCoder2-15B,27,5,14,2,1,37.03703703703704,0,0,1,0,0,0,0,0,0,1,37.03703703703704
ClassEval_22,AI,StarCoder2-15B,27,6,14,2,0,0.0,0,0,0,0,0,0,0,0,0,0,0.0
ClassEval_23,AI,StarCoder2-15B,23,6,10,1,0,0.0,0,0,0,0,0,0,0,0,0,0,0.0
ClassEval_24,AI,StarCoder2-15B,11,5,5,0,0,0.0,0,0,0,0,0,0,0,0,0,0,0.0
ClassEval_25,AI,StarCoder2-15B,18,4,7,2,0,0.0,0,0,0,0,0,0,0,0,0,0,0.0
ClassEval_26,AI,StarCoder2-15B,22,4,9,0,0,0.0,0,0,0,0,0,0,0,0,0,0,0.0
ClassEval_27,AI,StarCoder2-15B,17,5,9,1,0,0.0,0,0,0,0,0,0,0,0,0,0,0.0
ClassEval_28,AI,StarCoder2-15B,33,5,6,1,0,0.0,0,0,0,0,0,0,0,0,0,0,0.0
ClassEval_29,AI,StarCoder2-15B,13,3,6,0,0,0.0,0,0,0,0,0,0,0,0,0,0,0.0
ClassEval_30,AI,StarCoder2-15B,15,7,7,1,0,0.0,0,0,0,0,0,0,0,0,0,0,0.0
ClassEval_31,AI,StarCoder2-15B,26,4,13,0,0,0.0,0,0,0,0,0,0,0,0,0,0,0.0
ClassEval_32,AI,StarCoder2-15B,34,4,16,1,0,0.0,0,0,0,0,0,0,0,0,0,0,0.0
ClassEval_33,AI,StarCoder2-15B,29,6,13,4,0,0.0,0,0,0,0,0,0,0,0,0,0,0.0
ClassEval_34,AI,StarCoder2-15B,46,6,15,1,0,0.0,0,0,0,0,0,0,0,0,0,0,0.0
ClassEval_35,AI,StarCoder2-15B,48,5,21,2,0,0.0,0,0,0,0,0,0,0,0,0,0,0.0
ClassEval_36,AI,StarCoder2-15B,24,6,11,3,0,0.0,0,0,0,0,0,0,0,0,0,0,0.0
ClassEval_37,AI,StarCoder2-15B,40,4,13,1,0,0.0,0,0,0,0,0,0,0,0,0,0,0.0
ClassEval_38,AI,StarCoder2-15B,36,4,12,0,0,0.0,0,0,0,0,0,0,0,0,0,0,0.0
ClassEval_39,AI,StarCoder2-15B,53,7,23,2,1,18.867924528301888,0,1,0,0,0,0,0,0,0,1,18.867924528301884
ClassEval_40,AI,StarCoder2-15B,32,4,12,5,0,0.0,0,0,0,0,0,0,0,0,0,0,0.0
ClassEval_41,AI,StarCoder2-15B,42,4,31,3,7,166.66666666666666,0,1,4,0,0,1,1,1,0,7,166.66666666666666
ClassEval_42,AI,StarCoder2-15B,31,5,14,3,0,0.0,0,0,0,0,0,0,0,0,0,0,0.0
ClassEval_43,AI,StarCoder2-15B,24,6,10,1,0,0.0,0,0,0,0,0,0,0,0,0,0,0.0
ClassEval_44,AI,StarCoder2-15B,26,3,3,9,0,0.0,0,0,0,0,0,0,0,0,0,0,0.0
ClassEval_45,AI,StarCoder2-15B,18,6,10,1,0,0.0,0,0,0,0,0,0,0,0,0,0,0.0
ClassEval_46,AI,StarCoder2-15B,16,3,5,0,0,0.0,0,0,0,0,0,0,0,0,0,0,0.0
ClassEval_47,AI,StarCoder2-15B,20,4,11,1,0,0.0,0,0,0,0,0,0,0,0,0,0,0.0
ClassEval_48,AI,StarCoder2-15B,18,4,7,0,0,0.0,0,0,0,0,0,0,0,0,0,0,0.0
ClassEval_49,AI,StarCoder2-15B,31,8,14,2,0,0.0,0,0,0,0,0,0,0,0,0,0,0.0
ClassEval_50,AI,StarCoder2-15B,25,3,10,0,0,0.0,0,0,0,0,0,0,0,0,0,0,0.0
ClassEval_51,AI,StarCoder2-15B,22,2,5,0,0,0.0,0,0,0,0,0,0,0,0,0,0,0.0
ClassEval_52,AI,StarCoder2-15B,16,4,6,1,0,0.0,0,0,0,0,0,0,0,0,0,0,0.0
ClassEval_53,AI,StarCoder2-15B,13,3,6,1,0,0.0,0,0,0,0,0,0,0,0,0,0,0.0
ClassEval_54,AI,StarCoder2-15B,45,6,28,3,3,66.66666666666667,0,1,2,0,0,0,0,0,0,3,66.66666666666667
ClassEval_55,AI,StarCoder2-15B,21,3,8,1,0,0.0,0,0,0,0,0,0,0,0,0,0,0.0
ClassEval_56,AI,StarCoder2-15B,34,6,16,4,0,0.0,0,0,0,0,0,0,0,0,0,0,0.0
ClassEval_57,AI,StarCoder2-15B,27,3,9,0,1,37.03703703703704,0,0,0,0,0,0,1,0,1,0,0.0
ClassEval_58,AI,StarCoder2-15B,41,5,21,5,2,48.78048780487805,0,1,0,0,0,1,0,0,0,2,48.78048780487805
ClassEval_59,AI,StarCoder2-15B,23,4,11,1,2,86.95652173913044,0,0,0,0,0,1,1,0,1,1,43.47826086956522
ClassEval_60,AI,StarCoder2-15B,21,5,5,2,0,0.0,0,0,0,0,0,0,0,0,0,0,0.0
ClassEval_61,AI,StarCoder2-15B,40,9,17,3,0,0.0,0,0,0,0,0,0,0,0,0,0,0.0
ClassEval_62,AI,StarCoder2-15B,12,3,6,0,0,0.0,0,0,0,0,0,0,0,0,0,0,0.0
ClassEval_63,AI,StarCoder2-15B,22,3,7,0,0,0.0,0,0,0,0,0,0,0,0,0,0,0.0
ClassEval_64,AI,StarCoder2-15B,13,6,6,0,0,0.0,0,0,0,0,0,0,0,0,0,0,0.0
ClassEval_65,AI,StarCoder2-15B,41,6,14,5,0,0.0,0,0,0,0,0,0,0,0,0,0,0.0
ClassEval_66,AI,StarCoder2-15B,12,3,4,0,0,0.0,0,0,0,0,0,0,0,0,0,0,0.0
ClassEval_67,AI,StarCoder2-15B,21,4,9,3,0,0.0,0,0,0,0,0,0,0,0,0,0,0.0
ClassEval_68,AI,StarCoder2-15B,19,4,6,4,0,0.0,0,0,0,0,0,0,0,0,0,0,0.0
ClassEval_69,AI,StarCoder2-15B,20,3,9,2,0,0.0,0,0,0,0,0,0,0,0,0,0,0.0
ClassEval_70,AI,StarCoder2-15B,17,4,9,3,0,0.0,0,0,0,0,0,0,0,0,0,0,0.0
ClassEval_71,AI,StarCoder2-15B,61,4,21,7,2,32.78688524590164,1,1,0,0,0,0,0,0,0,2,32.786885245901644
ClassEval_72,AI,StarCoder2-15B,21,10,10,0,0,0.0,0,0,0,0,0,0,0,0,0,0,0.0
ClassEval_73,AI,StarCoder2-15B,31,6,8,6,0,0.0,0,0,0,0,0,0,0,0,0,0,0.0
ClassEval_74,AI,StarCoder2-15B,31,6,12,3,0,0.0,0,0,0,0,0,0,0,0,0,0,0.0
ClassEval_75,AI,StarCoder2-15B,19,5,9,1,0,0.0,0,0,0,0,0,0,0,0,0,0,0.0
ClassEval_76,AI,StarCoder2-15B,21,6,11,1,0,0.0,0,0,0,0,0,0,0,0,0,0,0.0
ClassEval_77,AI,StarCoder2-15B,33,5,10,7,0,0.0,0,0,0,0,0,0,0,0,0,0,0.0
ClassEval_78,AI,StarCoder2-15B,8,3,4,0,0,0.0,0,0,0,0,0,0,0,0,0,0,0.0
ClassEval_79,AI,StarCoder2-15B,33,7,12,1,0,0.0,0,0,0,0,0,0,0,0,0,0,0.0
ClassEval_80,AI,StarCoder2-15B,33,4,12,0,2,60.6060606060606,0,0,0,0,0,0,2,2,0,2,60.60606060606061
ClassEval_81,AI,StarCoder2-15B,37,7,20,0,0,0.0,0,0,0,0,0,0,0,0,0,0,0.0
ClassEval_82,AI,StarCoder2-15B,38,8,13,2,0,0.0,0,0,0,0,0,0,0,0,0,0,0.0
ClassEval_83,AI,StarCoder2-15B,28,5,5,1,0,0.0,0,0,0,0,0,0,0,0,0,0,0.0
ClassEval_84,AI,StarCoder2-15B,19,5,10,1,0,0.0,0,0,0,0,0,0,0,0,0,0,0.0
ClassEval_85,AI,StarCoder2-15B,34,8,15,3,0,0.0,0,0,0,0,0,0,0,0,0,0,0.0
ClassEval_86,AI,StarCoder2-15B,25,4,16,2,0,0.0,0,0,0,0,0,0,0,0,0,0,0.0
ClassEval_87,AI,StarCoder2-15B,22,8,8,1,1,45.45454545454546,0,0,0,0,1,0,0,0,0,1,45.45454545454545
ClassEval_88,AI,StarCoder2-15B,19,6,8,0,0,0.0,0,0,0,0,0,0,0,0,0,0,0.0
ClassEval_89,AI,StarCoder2-15B,15,5,7,1,0,0.0,0,0,0,0,0,0,0,0,0,0,0.0
ClassEval_90,AI,StarCoder2-15B,13,6,6,1,0,0.0,0,0,0,0,0,0,0,0,0,0,0.0
ClassEval_91,AI,StarCoder2-15B,11,4,4,2,0,0.0,0,0,0,0,0,0,0,0,0,0,0.0
ClassEval_92,AI,StarCoder2-15B,21,6,8,2,0,0.0,0,0,0,0,0,0,0,0,0,0,0.0
ClassEval_93,AI,StarCoder2-15B,9,4,6,0,0,0.0,0,0,0,0,0,0,0,0,0,0,0.0
ClassEval_94,AI,StarCoder2-15B,28,6,12,2,0,0.0,0,0,0,0,0,0,0,0,0,0,0.0
ClassEval_95,AI,StarCoder2-15B,29,7,14,2,0,0.0,0,0,0,0,0,0,0,0,0,0,0.0
ClassEval_96,AI,StarCoder2-15B,21,5,7,4,0,0.0,0,0,0,0,0,0,0,0,0,0,0.0
ClassEval_97,AI,StarCoder2-15B,40,3,17,6,1,25.0,0,0,0,0,0,1,0,0,0,1,25.0
ClassEval_98,AI,StarCoder2-15B,21,5,7,2,0,0.0,0,0,0,0,0,0,0,0,0,0,0.0
ClassEval_99,AI,StarCoder2-15B,30,5,13,1,0,0.0,0,0,0,0,0,0,0,0,0,0,0.0
